Username,Password,First name ,Last name,,UserName,First name ,Last Name,DOB,Phone Number ,Email
Frosty,jak,Shamim,Hassan,,Frosty,Shamim,Hassan,13/09/2002,07819 278293,hassansh@gmail.com
blitzmain,hsolly,Robert,Pauls,,blitzmain,Robert ,Pauls,24/06/2002,07652 126783,rpauls@yahoo.co.uk
lionmain,ninjaboy,Jahdel,Santos,,lionmain,Jahdel,Santos,13/04/2003,07891 763562,liverjahd12@outlook.com
sophie99,catfishdog,Hakeem,George,,sophie99,Hakeem,George,31/12/1999,07892 567290,hacksgague90@gmail.com
